排名,分數,標題,說明,URL,article_id,來源Excel
1,24,p193　心裡孤獨是思想上的寂寞,"孤獨+12, 寂寞+12",https://books.masterhsingyun.org/ArticleDetail/artcle20894,20894,人間萬事.xlsx
2,20,p208　單親家庭,"家庭+8, 單親+12",https://books.masterhsingyun.org/ArticleDetail/artcle4888,4888,人間萬事.xlsx
3,20,p127　爸爸的煩惱,"爸爸+10, 煩惱+10",https://books.masterhsingyun.org/ArticleDetail/artcle4863,4863,人間萬事.xlsx
4,20,p276　丈夫對妻子,"丈夫+10, 妻子+10",https://books.masterhsingyun.org/ArticleDetail/artcle19982,19982,人間萬事.xlsx
5,20,p362　妻子對丈夫,"丈夫+10, 妻子+10",https://books.masterhsingyun.org/ArticleDetail/artcle20751,20751,人間萬事.xlsx
6,20,p054　死亡不要恐懼,"恐懼+8, 死亡+12",https://books.masterhsingyun.org/ArticleDetail/artcle20808,20808,人間萬事.xlsx
7,18,p156　虐待老人,"虐待+10, 老人+8",https://books.masterhsingyun.org/ArticleDetail/artcle4872,4872,人間萬事.xlsx
8,14,p011　關於自殺,自殺+14,https://books.masterhsingyun.org/ArticleDetail/artcle4824,4824,人間萬事.xlsx
9,14,p035　憂鬱症,憂鬱+14,https://books.masterhsingyun.org/ArticleDetail/artcle5512,5512,人間萬事.xlsx
10,14,p238　四種焦慮,焦慮+14,https://books.masterhsingyun.org/ArticleDetail/artcle5195,5195,人間萬事.xlsx
11,14,p057　女人家暴,家暴+14,https://books.masterhsingyun.org/ArticleDetail/artcle4839,4839,人間萬事.xlsx
12,14,p255　自殺前後,自殺+14,https://books.masterhsingyun.org/ArticleDetail/artcle5200,5200,人間萬事.xlsx
13,14,p258　走不下去,走不下去+14,https://books.masterhsingyun.org/ArticleDetail/artcle5201,5201,人間萬事.xlsx
14,14,p128　自殺不能解決問題,自殺+14,https://books.masterhsingyun.org/ArticleDetail/artcle17837,17837,人間萬事.xlsx
15,14,p236　自殺也是殺生,自殺+14,https://books.masterhsingyun.org/ArticleDetail/artcle17914,17914,人間萬事.xlsx
16,14,p082　臨終一念要清楚,臨終+14,https://books.masterhsingyun.org/ArticleDetail/artcle18645,18645,人間萬事.xlsx
17,12,p028　面對死亡,死亡+12,https://books.masterhsingyun.org/ArticleDetail/artcle5232,5232,人間萬事.xlsx
18,12,p264　那是我的父親,父親+12,https://books.masterhsingyun.org/ArticleDetail/artcle10440,10440,人間萬事.xlsx
19,12,p255　婆媳包粽子,婆媳+12,https://books.masterhsingyun.org/ArticleDetail/artcle10629,10629,人間萬事.xlsx
20,12,p147　不怖於生死,生死+12,https://books.masterhsingyun.org/ArticleDetail/artcle13873,13873,人間萬事.xlsx
21,12,p297　孤獨,孤獨+12,https://books.masterhsingyun.org/ArticleDetail/artcle5214,5214,人間萬事.xlsx
22,12,p180　淡泊生死,生死+12,https://books.masterhsingyun.org/ArticleDetail/artcle14075,14075,人間萬事.xlsx
23,12,p079　四等婆媳,婆媳+12,https://books.masterhsingyun.org/ArticleDetail/artcle4847,4847,人間萬事.xlsx
24,12,p238　發心就不會有低潮,低潮+12,https://books.masterhsingyun.org/ArticleDetail/artcle17127,17127,人間萬事.xlsx
25,12,p185　婆媳關係,婆媳+12,https://books.masterhsingyun.org/ArticleDetail/artcle4881,4881,人間萬事.xlsx
26,12,p152　覆船生死,生死+12,https://books.masterhsingyun.org/ArticleDetail/artcle7156,7156,人間萬事.xlsx
27,12,p213　家庭是生活的暖窩,"家庭+8, 生活+4",https://books.masterhsingyun.org/ArticleDetail/artcle21413,21413,人間萬事.xlsx
28,12,p120　失業怎麼辦？,失業+12,https://books.masterhsingyun.org/ArticleDetail/artcle4741,4741,人間萬事.xlsx
29,12,p273　母親的信,母親+12,https://books.masterhsingyun.org/ArticleDetail/artcle6500,6500,人間萬事.xlsx
30,12,p304　母親的心,母親+12,https://books.masterhsingyun.org/ArticleDetail/artcle10219,10219,人間萬事.xlsx
31,12,p358　父母恩,父母+12,https://books.masterhsingyun.org/ArticleDetail/artcle13975,13975,人間萬事.xlsx
32,12,p226　生死由他,生死+12,https://books.masterhsingyun.org/ArticleDetail/artcle6058,6058,人間萬事.xlsx
33,12,p104　分手,分手+12,https://books.masterhsingyun.org/ArticleDetail/artcle3531,3531,人間萬事.xlsx
34,12,p318　劉玉英老奶奶（大師母親）,母親+12,https://books.masterhsingyun.org/ArticleDetail/artcle22084,22084,人間萬事.xlsx
35,12,p070　夫妻不和,夫妻+12,https://books.masterhsingyun.org/ArticleDetail/artcle4844,4844,人間萬事.xlsx
36,12,p143　夫妻之道,夫妻+12,https://books.masterhsingyun.org/ArticleDetail/artcle22337,22337,人間萬事.xlsx
37,12,p014　父母,父母+12,https://books.masterhsingyun.org/ArticleDetail/artcle5505,5505,人間萬事.xlsx
38,12,p026　結婚三階段,結婚+12,https://books.masterhsingyun.org/ArticleDetail/artcle4829,4829,人間萬事.xlsx
39,12,p042　識是生死本,生死+12,https://books.masterhsingyun.org/ArticleDetail/artcle14006,14006,人間萬事.xlsx
40,12,p213　勘破生死幽闇,生死+12,https://books.masterhsingyun.org/ArticleDetail/artcle10415,10415,人間萬事.xlsx
41,12,p292　生死無憂,生死+12,https://books.masterhsingyun.org/ArticleDetail/artcle11777,11777,人間萬事.xlsx
42,12,p065　生死問題,生死+12,https://books.masterhsingyun.org/ArticleDetail/artcle13833,13833,人間萬事.xlsx
43,12,p394　生死,生死+12,https://books.masterhsingyun.org/ArticleDetail/artcle10697,10697,人間萬事.xlsx
44,12,p105　夫妻爭餅,夫妻+12,https://books.masterhsingyun.org/ArticleDetail/artcle10340,10340,人間萬事.xlsx
45,12,p156　讚美是夫妻相處之道,夫妻+12,https://books.masterhsingyun.org/ArticleDetail/artcle19090,19090,人間萬事.xlsx
46,12,p130　夫妻相處之道,夫妻+12,https://books.masterhsingyun.org/ArticleDetail/artcle17362,17362,人間萬事.xlsx
47,12,p110　婚姻之道,婚姻+12,https://books.masterhsingyun.org/ArticleDetail/artcle17344,17344,人間萬事.xlsx
48,12,p296　揹母親,母親+12,https://books.masterhsingyun.org/ArticleDetail/artcle10456,10456,人間萬事.xlsx
49,12,p281　眾生如父母,父母+12,https://books.masterhsingyun.org/ArticleDetail/artcle13938,13938,人間萬事.xlsx
50,12,p163　生死自如,生死+12,https://books.masterhsingyun.org/ArticleDetail/artcle10583,10583,人間萬事.xlsx
51,12,p240　生死之謎,生死+12,https://books.masterhsingyun.org/ArticleDetail/artcle13191,13191,人間萬事.xlsx
52,12,p214　成年禮從孝敬父母開始,父母+12,https://books.masterhsingyun.org/ArticleDetail/artcle18194,18194,人間萬事.xlsx
53,12,p261　死亡,死亡+12,https://books.masterhsingyun.org/ArticleDetail/artcle5202,5202,人間萬事.xlsx
54,12,p345　賀員林薛文瑜、薛林金伉儷九十華誕暨結婚七十週年慶,結婚+12,https://books.masterhsingyun.org/ArticleDetail/artcle22118,22118,人間萬事.xlsx
55,12,p228　委屈是甘露,委屈+12,https://books.masterhsingyun.org/ArticleDetail/artcle17583,17583,人間萬事.xlsx
56,12,p046　在工作中成長道心,"工作+7, 成長+5",https://books.masterhsingyun.org/ArticleDetail/artcle17729,17729,人間萬事.xlsx
57,12,p127　成功者禁得起委屈,委屈+12,https://books.masterhsingyun.org/ArticleDetail/artcle17836,17836,人間萬事.xlsx
58,12,p092　寂寞的慈悲,寂寞+12,https://books.masterhsingyun.org/ArticleDetail/artcle17327,17327,人間萬事.xlsx
59,12,p061　做主管要受得起委屈,委屈+12,https://books.masterhsingyun.org/ArticleDetail/artcle17299,17299,人間萬事.xlsx
60,12,p235　以苦難挫折為榮譽,挫折+12,https://books.masterhsingyun.org/ArticleDetail/artcle17913,17913,人間萬事.xlsx
61,12,p086　尊重包容讓婚姻美滿,婚姻+12,https://books.masterhsingyun.org/ArticleDetail/artcle18106,18106,人間萬事.xlsx
62,12,p023　結婚,結婚+12,https://books.masterhsingyun.org/ArticleDetail/artcle4828,4828,人間萬事.xlsx
63,12,p134　婚姻的現實考驗,婚姻+12,https://books.masterhsingyun.org/ArticleDetail/artcle18410,18410,人間萬事.xlsx
64,12,p067　推廣正見的生死教育,生死+12,https://books.masterhsingyun.org/ArticleDetail/artcle18635,18635,人間萬事.xlsx
65,12,p042　寂寞,寂寞+12,https://books.masterhsingyun.org/ArticleDetail/artcle4516,4516,人間萬事.xlsx
66,12,p245　生死無懼,生死+12,https://books.masterhsingyun.org/ArticleDetail/artcle19954,19954,人間萬事.xlsx
67,12,p333　父母恩深重,父母+12,https://books.masterhsingyun.org/ArticleDetail/artcle13963,13963,人間萬事.xlsx
68,12,p307　無論熱鬧、寂寞都接受,寂寞+12,https://books.masterhsingyun.org/ArticleDetail/artcle20009,20009,人間萬事.xlsx
69,12,p233　委屈六事,委屈+12,https://books.masterhsingyun.org/ArticleDetail/artcle4578,4578,人間萬事.xlsx
70,12,p047　出軌,出軌+12,https://books.masterhsingyun.org/ArticleDetail/artcle5516,5516,人間萬事.xlsx
71,12,p099　感恩父母，承受教養,父母+12,https://books.masterhsingyun.org/ArticleDetail/artcle18116,18116,人間萬事.xlsx
72,11,p177　金錢不是人生唯一,"人生+5, 金錢+6",https://books.masterhsingyun.org/ArticleDetail/artcle17877,17877,人間萬事.xlsx
73,10,p153　不要輸給一時的煩惱,煩惱+10,https://books.masterhsingyun.org/ArticleDetail/artcle17382,17382,人間萬事.xlsx
74,10,p280　煩惱的原因,煩惱+10,https://books.masterhsingyun.org/ArticleDetail/artcle5616,5616,人間萬事.xlsx
75,10,p271　原諒他,原諒+10,https://books.masterhsingyun.org/ArticleDetail/artcle4590,4590,人間萬事.xlsx
76,10,p283　改變人生,"改變+5, 人生+5",https://books.masterhsingyun.org/ArticleDetail/artcle22494,22494,人間萬事.xlsx
77,10,p081　煩惱如牢獄,煩惱+10,https://books.masterhsingyun.org/ArticleDetail/artcle13281,13281,人間萬事.xlsx
78,10,p058　斷煩惱,煩惱+10,https://books.masterhsingyun.org/ArticleDetail/artcle13637,13637,人間萬事.xlsx
79,10,p256　去除煩惱,煩惱+10,https://books.masterhsingyun.org/ArticleDetail/artcle7619,7619,人間萬事.xlsx
80,10,p111　媽媽很辛苦,媽媽+10,https://books.masterhsingyun.org/ArticleDetail/artcle10343,10343,人間萬事.xlsx
81,10,p062　五種丈夫,丈夫+10,https://books.masterhsingyun.org/ArticleDetail/artcle4841,4841,人間萬事.xlsx
82,10,p044　丈夫七出,丈夫+10,https://books.masterhsingyun.org/ArticleDetail/artcle4835,4835,人間萬事.xlsx
83,10,p020　維繫愛情的祕訣,愛情+10,https://books.masterhsingyun.org/ArticleDetail/artcle4827,4827,人間萬事.xlsx
84,10,p027　要戰勝自己的煩惱,煩惱+10,https://books.masterhsingyun.org/ArticleDetail/artcle17278,17278,人間萬事.xlsx
85,10,p151　名人的煩惱,煩惱+10,https://books.masterhsingyun.org/ArticleDetail/artcle3568,3568,人間萬事.xlsx
86,10,p224　生病,生病+10,https://books.masterhsingyun.org/ArticleDetail/artcle5457,5457,人間萬事.xlsx
87,10,p214　殘障兒女,兒女+10,https://books.masterhsingyun.org/ArticleDetail/artcle4890,4890,人間萬事.xlsx
88,10,p359　新婦騎驢公婆牽,公婆+10,https://books.masterhsingyun.org/ArticleDetail/artcle6989,6989,人間萬事.xlsx
89,10,p130　生病也有辦法,生病+10,https://books.masterhsingyun.org/ArticleDetail/artcle19069,19069,人間萬事.xlsx
90,10,p192　出離煩惱,煩惱+10,https://books.masterhsingyun.org/ArticleDetail/artcle13515,13515,人間萬事.xlsx
91,10,p118　兒女的心聲,兒女+10,https://books.masterhsingyun.org/ArticleDetail/artcle4860,4860,人間萬事.xlsx
92,10,p047　丈夫五等,丈夫+10,https://books.masterhsingyun.org/ArticleDetail/artcle4836,4836,人間萬事.xlsx
93,10,p274　煩惱哪裡來？,煩惱+10,https://books.masterhsingyun.org/ArticleDetail/artcle13207,13207,人間萬事.xlsx
94,10,p152　應當畏煩惱,煩惱+10,https://books.masterhsingyun.org/ArticleDetail/artcle14061,14061,人間萬事.xlsx
95,10,p232　媽媽的味道,媽媽+10,https://books.masterhsingyun.org/ArticleDetail/artcle4896,4896,人間萬事.xlsx
96,10,p208　煩惱之害,煩惱+10,https://books.masterhsingyun.org/ArticleDetail/artcle13338,13338,人間萬事.xlsx
97,10,p129　煩惱的原因,煩惱+10,https://books.masterhsingyun.org/ArticleDetail/artcle13140,13140,人間萬事.xlsx
98,10,p063　忙得沒時間生病,生病+10,https://books.masterhsingyun.org/ArticleDetail/artcle16826,16826,人間萬事.xlsx
99,10,p074　女人的煩惱,煩惱+10,https://books.masterhsingyun.org/ArticleDetail/artcle3512,3512,人間萬事.xlsx
100,10,p093　快樂與痛苦,痛苦+10,https://books.masterhsingyun.org/ArticleDetail/artcle6791,6791,人間萬事.xlsx
101,10,p301　丈夫行,丈夫+10,https://books.masterhsingyun.org/ArticleDetail/artcle13756,13756,人間萬事.xlsx
102,10,p120　迷失,迷失+10,https://books.masterhsingyun.org/ArticleDetail/artcle4045,4045,人間萬事.xlsx
103,10,p233　駕馭煩惱,煩惱+10,https://books.masterhsingyun.org/ArticleDetail/artcle17587,17587,人間萬事.xlsx
104,10,p273　斷食不如斷煩惱,煩惱+10,https://books.masterhsingyun.org/ArticleDetail/artcle17615,17615,人間萬事.xlsx
105,10,p082　好壞兒女,兒女+10,https://books.masterhsingyun.org/ArticleDetail/artcle4848,4848,人間萬事.xlsx
106,10,p105　媽媽樂,媽媽+10,https://books.masterhsingyun.org/ArticleDetail/artcle10124,10124,人間萬事.xlsx
107,10,p348　大丈夫,丈夫+10,https://books.masterhsingyun.org/ArticleDetail/artcle5502,5502,人間萬事.xlsx
108,10,p147　有德丈夫,丈夫+10,https://books.masterhsingyun.org/ArticleDetail/artcle11543,11543,人間萬事.xlsx
109,10,p197　失敗,失敗+10,https://books.masterhsingyun.org/ArticleDetail/artcle5343,5343,人間萬事.xlsx
110,10,p205　虐待兒童,虐待+10,https://books.masterhsingyun.org/ArticleDetail/artcle4769,4769,人間萬事.xlsx
111,10,p290　兒女在佛門有未來,兒女+10,https://books.masterhsingyun.org/ArticleDetail/artcle17960,17960,人間萬事.xlsx
112,10,p093　把煩惱還給他,煩惱+10,https://books.masterhsingyun.org/ArticleDetail/artcle10548,10548,人間萬事.xlsx
113,10,p070　無奈,無奈+10,https://books.masterhsingyun.org/ArticleDetail/artcle5246,5246,人間萬事.xlsx
114,10,p176　勇敢者常能克服壓力,壓力+10,https://books.masterhsingyun.org/ArticleDetail/artcle18168,18168,人間萬事.xlsx
115,10,p136　業與煩惱,煩惱+10,https://books.masterhsingyun.org/ArticleDetail/artcle14053,14053,人間萬事.xlsx
116,10,p211　缺陷的痛苦,痛苦+10,https://books.masterhsingyun.org/ArticleDetail/artcle4771,4771,人間萬事.xlsx
117,10,p387　知識生病則成「痴」,生病+10,https://books.masterhsingyun.org/ArticleDetail/artcle18589,18589,人間萬事.xlsx
118,10,p226　未曾失去,失去+10,https://books.masterhsingyun.org/ArticleDetail/artcle7606,7606,人間萬事.xlsx
119,10,p212　退休的春天,退休+10,https://books.masterhsingyun.org/ArticleDetail/artcle8257,8257,人間萬事.xlsx
120,10,p117　轉壓力為動力,壓力+10,https://books.masterhsingyun.org/ArticleDetail/artcle19551,19551,人間萬事.xlsx
121,10,p197　丈夫要有沖天志,丈夫+10,https://books.masterhsingyun.org/ArticleDetail/artcle16895,16895,人間萬事.xlsx
122,10,p318　壓力,壓力+10,https://books.masterhsingyun.org/ArticleDetail/artcle4817,4817,人間萬事.xlsx
123,10,p065　五種妻子,妻子+10,https://books.masterhsingyun.org/ArticleDetail/artcle4842,4842,人間萬事.xlsx
124,10,p098　最大的失去,失去+10,https://books.masterhsingyun.org/ArticleDetail/artcle4235,4235,人間萬事.xlsx
125,10,p091　姓李的兒女,兒女+10,https://books.masterhsingyun.org/ArticleDetail/artcle10117,10117,人間萬事.xlsx
126,10,p286　佛的煩惱,煩惱+10,https://books.masterhsingyun.org/ArticleDetail/artcle6086,6086,人間萬事.xlsx
127,10,p024　生病也要給人方便,生病+10,https://books.masterhsingyun.org/ArticleDetail/artcle21039,21039,人間萬事.xlsx
128,9,p142　人生下來，命運就注定？,"人生+5, 命運+4",https://books.masterhsingyun.org/ArticleDetail/artcle20282,20282,人間萬事.xlsx
129,9,p290　為人生加把勁（二）,"為人+4, 人生+5",https://books.masterhsingyun.org/ArticleDetail/artcle22504,22504,人間萬事.xlsx
130,9,p388　在團體生活裡規劃人生,"生活+4, 人生+5",https://books.masterhsingyun.org/ArticleDetail/artcle20769,20769,人間萬事.xlsx
131,9,p290　為人生加把勁（一）,"為人+4, 人生+5",https://books.masterhsingyun.org/ArticleDetail/artcle22503,22503,人間萬事.xlsx
132,9,p346　為人生做最好的選擇,"為人+4, 人生+5",https://books.masterhsingyun.org/ArticleDetail/artcle18558,18558,人間萬事.xlsx
133,9,p286　用三好改變命運,"改變+5, 命運+4",https://books.masterhsingyun.org/ArticleDetail/artcle18786,18786,人間萬事.xlsx
134,8,p386　不為生氣,生氣+8,https://books.masterhsingyun.org/ArticleDetail/artcle11820,11820,人間萬事.xlsx
135,8,p388　順勢而為就不困難,困難+8,https://books.masterhsingyun.org/ArticleDetail/artcle19274,19274,人間萬事.xlsx
136,8,p356　佛化家庭（台語）,家庭+8,https://books.masterhsingyun.org/ArticleDetail/artcle22585,22585,人間萬事.xlsx
137,8,p028　心病難治,心病+8,https://books.masterhsingyun.org/ArticleDetail/artcle11661,11661,人間萬事.xlsx
138,8,p215　老人怕什麼？,老人+8,https://books.masterhsingyun.org/ArticleDetail/artcle4572,4572,人間萬事.xlsx
139,8,p245　四個老人,老人+8,https://books.masterhsingyun.org/ArticleDetail/artcle10191,10191,人間萬事.xlsx
140,8,p296　不後悔的要訣,後悔+8,https://books.masterhsingyun.org/ArticleDetail/artcle8287,8287,人間萬事.xlsx
141,8,p025　心病找佛祖,心病+8,https://books.masterhsingyun.org/ArticleDetail/artcle19461,19461,人間萬事.xlsx
142,8,p322　竺摩老人,老人+8,https://books.masterhsingyun.org/ArticleDetail/artcle22090,22090,人間萬事.xlsx
143,8,p244　認識自己,認識自己+8,https://books.masterhsingyun.org/ArticleDetail/artcle3625,3625,人間萬事.xlsx
144,8,p331　所有宗教都是一家人,家人+8,https://books.masterhsingyun.org/ArticleDetail/artcle19223,19223,人間萬事.xlsx
145,8,p094　老人五要五不要,老人+8,https://books.masterhsingyun.org/ArticleDetail/artcle4852,4852,人間萬事.xlsx
146,8,p266　誤會,誤會+8,https://books.masterhsingyun.org/ArticleDetail/artcle3633,3633,人間萬事.xlsx
147,8,p366　認識自己,認識自己+8,https://books.masterhsingyun.org/ArticleDetail/artcle17204,17204,人間萬事.xlsx
148,8,p391　溝通的技巧,溝通+8,https://books.masterhsingyun.org/ArticleDetail/artcle17216,17216,人間萬事.xlsx
149,8,p412　做自己的醫生,做自己+8,https://books.masterhsingyun.org/ArticleDetail/artcle17228,17228,人間萬事.xlsx
150,8,p155　把困難化為福德因緣,困難+8,https://books.masterhsingyun.org/ArticleDetail/artcle17384,17384,人間萬事.xlsx
151,8,p246　老人的智慧,老人+8,https://books.masterhsingyun.org/ArticleDetail/artcle5464,5464,人間萬事.xlsx
152,8,p249　老人愛己,老人+8,https://books.masterhsingyun.org/ArticleDetail/artcle5465,5465,人間萬事.xlsx
153,8,p124　後悔,後悔+8,https://books.masterhsingyun.org/ArticleDetail/artcle13862,13862,人間萬事.xlsx
154,8,p281　以慈悲化解困難,困難+8,https://books.masterhsingyun.org/ArticleDetail/artcle17621,17621,人間萬事.xlsx
155,8,p366　困難中找出路,困難+8,https://books.masterhsingyun.org/ArticleDetail/artcle17681,17681,人間萬事.xlsx
156,8,p370　找到自己的定位,找到自己+8,https://books.masterhsingyun.org/ArticleDetail/artcle17684,17684,人間萬事.xlsx
157,8,p391　把部屬當家人,家人+8,https://books.masterhsingyun.org/ArticleDetail/artcle17698,17698,人間萬事.xlsx
158,8,p093　不當的感情,感情+8,https://books.masterhsingyun.org/ArticleDetail/artcle4732,4732,人間萬事.xlsx
159,8,p232　找到自己的出路,找到自己+8,https://books.masterhsingyun.org/ArticleDetail/artcle17123,17123,人間萬事.xlsx
160,8,p265　暴力,暴力+8,https://books.masterhsingyun.org/ArticleDetail/artcle4906,4906,人間萬事.xlsx
161,8,p138　用慈悲撫平憤怒,憤怒+8,https://books.masterhsingyun.org/ArticleDetail/artcle17846,17846,人間萬事.xlsx
162,8,p346　債務,債務+8,https://books.masterhsingyun.org/ArticleDetail/artcle4339,4339,人間萬事.xlsx
163,8,p213　在困難中不忘初心,困難+8,https://books.masterhsingyun.org/ArticleDetail/artcle17900,17900,人間萬事.xlsx
164,8,p162　求職的絕招,求職+8,https://books.masterhsingyun.org/ArticleDetail/artcle4755,4755,人間萬事.xlsx
165,8,p102　做自己的主人,做自己+8,https://books.masterhsingyun.org/ArticleDetail/artcle13470,13470,人間萬事.xlsx
166,8,p175　歧視,歧視+8,https://books.masterhsingyun.org/ArticleDetail/artcle4759,4759,人間萬事.xlsx
167,8,p393　生氣不能解決問題,生氣+8,https://books.masterhsingyun.org/ArticleDetail/artcle18046,18046,人間萬事.xlsx
168,8,p018　給老人希望和福利,老人+8,https://books.masterhsingyun.org/ArticleDetail/artcle18055,18055,人間萬事.xlsx
169,8,p073　天下一家人,家人+8,https://books.masterhsingyun.org/ArticleDetail/artcle18097,18097,人間萬事.xlsx
170,8,p364　老人抓糖,老人+8,https://books.masterhsingyun.org/ArticleDetail/artcle10248,10248,人間萬事.xlsx
171,8,p185　老人要有宗教信仰,老人+8,https://books.masterhsingyun.org/ArticleDetail/artcle17100,17100,人間萬事.xlsx
172,8,p243　一個誤會,誤會+8,https://books.masterhsingyun.org/ArticleDetail/artcle10623,10623,人間萬事.xlsx
173,8,p060　無法溝通,溝通+8,https://books.masterhsingyun.org/ArticleDetail/artcle4522,4522,人間萬事.xlsx
174,8,p253　老人是寶,老人+8,https://books.masterhsingyun.org/ArticleDetail/artcle18224,18224,人間萬事.xlsx
175,8,p067　悲劇,悲劇+8,https://books.masterhsingyun.org/ArticleDetail/artcle5245,5245,人間萬事.xlsx
176,8,p157　從心找到自己,找到自己+8,https://books.masterhsingyun.org/ArticleDetail/artcle18424,18424,人間萬事.xlsx
177,8,p191　用祝福消除恐懼,恐懼+8,https://books.masterhsingyun.org/ArticleDetail/artcle18445,18445,人間萬事.xlsx
178,8,p200　天下人都是親人,親人+8,https://books.masterhsingyun.org/ArticleDetail/artcle18450,18450,人間萬事.xlsx
179,8,p239　愛要陪伴,陪伴+8,https://books.masterhsingyun.org/ArticleDetail/artcle18477,18477,人間萬事.xlsx
180,8,p278　困難中增長道念,困難+8,https://books.masterhsingyun.org/ArticleDetail/artcle18503,18503,人間萬事.xlsx
181,8,p340　以精進對治無力感,無力+8,https://books.masterhsingyun.org/ArticleDetail/artcle18554,18554,人間萬事.xlsx
182,8,p376　做自己,做自己+8,https://books.masterhsingyun.org/ArticleDetail/artcle10494,10494,人間萬事.xlsx
183,8,p358　做自己的醫生,做自己+8,https://books.masterhsingyun.org/ArticleDetail/artcle18568,18568,人間萬事.xlsx
184,8,p170　不生氣,生氣+8,https://books.masterhsingyun.org/ArticleDetail/artcle13884,13884,人間萬事.xlsx
185,8,p034　認錯會找到自己,找到自己+8,https://books.masterhsingyun.org/ArticleDetail/artcle18610,18610,人間萬事.xlsx
186,8,p339　溝通之要,溝通+8,https://books.masterhsingyun.org/ArticleDetail/artcle4613,4613,人間萬事.xlsx
187,8,p012　心病還須心藥醫,心病+8,https://books.masterhsingyun.org/ArticleDetail/artcle17008,17008,人間萬事.xlsx
188,8,p184　培養孩子感恩報德的心,孩子+8,https://books.masterhsingyun.org/ArticleDetail/artcle18712,18712,人間萬事.xlsx
189,8,p326　最貧窮的人,貧窮+8,https://books.masterhsingyun.org/ArticleDetail/artcle10230,10230,人間萬事.xlsx
190,8,p301　悟道是認識自己,認識自己+8,https://books.masterhsingyun.org/ArticleDetail/artcle18800,18800,人間萬事.xlsx
191,8,p061　我找到自己了,找到自己+8,https://books.masterhsingyun.org/ArticleDetail/artcle18913,18913,人間萬事.xlsx
192,8,p272　溝通,溝通+8,https://books.masterhsingyun.org/ArticleDetail/artcle4791,4791,人間萬事.xlsx
193,8,p180　做自己的明燈,做自己+8,https://books.masterhsingyun.org/ArticleDetail/artcle19892,19892,人間萬事.xlsx
194,8,p191　加班,加班+8,https://books.masterhsingyun.org/ArticleDetail/artcle4290,4290,人間萬事.xlsx
195,8,p203　黏蟬老人,老人+8,https://books.masterhsingyun.org/ArticleDetail/artcle10603,10603,人間萬事.xlsx
196,8,p186　不做老闆做小工,老闆+8,https://books.masterhsingyun.org/ArticleDetail/artcle10163,10163,人間萬事.xlsx
197,8,p026　把大家視為一家人,家人+8,https://books.masterhsingyun.org/ArticleDetail/artcle20177,20177,人間萬事.xlsx
198,8,p273　老人自愛,老人+8,https://books.masterhsingyun.org/ArticleDetail/artcle5206,5206,人間萬事.xlsx
199,8,p331　老人是財寶、是智慧,老人+8,https://books.masterhsingyun.org/ArticleDetail/artcle20730,20730,人間萬事.xlsx
200,8,p279　老人的夢想,老人+8,https://books.masterhsingyun.org/ArticleDetail/artcle5208,5208,人間萬事.xlsx
201,8,p320　困難,困難+8,https://books.masterhsingyun.org/ArticleDetail/artcle4134,4134,人間萬事.xlsx
202,8,p026　空無、貧窮的妙用,貧窮+8,https://books.masterhsingyun.org/ArticleDetail/artcle20787,20787,人間萬事.xlsx
203,8,p101　不安,不安+8,https://books.masterhsingyun.org/ArticleDetail/artcle3530,3530,人間萬事.xlsx
204,8,p102　各宗教間不要暴力,暴力+8,https://books.masterhsingyun.org/ArticleDetail/artcle20836,20836,人間萬事.xlsx
205,8,p250　現代家庭,家庭+8,https://books.masterhsingyun.org/ArticleDetail/artcle10433,10433,人間萬事.xlsx
206,8,p031　女孩子的頭,孩子+8,https://books.masterhsingyun.org/ArticleDetail/artcle10517,10517,人間萬事.xlsx
207,8,p033　肯發心就沒有困難,困難+8,https://books.masterhsingyun.org/ArticleDetail/artcle21047,21047,人間萬事.xlsx
208,8,p216　廣行慈悲，困難自解,困難+8,https://books.masterhsingyun.org/ArticleDetail/artcle21191,21191,人間萬事.xlsx
209,8,p245　都是一家人,家人+8,https://books.masterhsingyun.org/ArticleDetail/artcle21213,21213,人間萬事.xlsx
210,8,p264　如何化解困難,困難+8,https://books.masterhsingyun.org/ArticleDetail/artcle21228,21228,人間萬事.xlsx
211,8,p299　都是一家人,家人+8,https://books.masterhsingyun.org/ArticleDetail/artcle21259,21259,人間萬事.xlsx
212,8,p336　不畏困難，快樂靠近你,困難+8,https://books.masterhsingyun.org/ArticleDetail/artcle21295,21295,人間萬事.xlsx
213,8,p355　不生氣要爭氣,生氣+8,https://books.masterhsingyun.org/ArticleDetail/artcle21311,21311,人間萬事.xlsx
214,8,p368　我們是一家人,家人+8,https://books.masterhsingyun.org/ArticleDetail/artcle21323,21323,人間萬事.xlsx
215,7,p077　工作的待遇,工作+7,https://books.masterhsingyun.org/ArticleDetail/artcle4727,4727,人間萬事.xlsx
216,7,p106　工作倫理，擁護主管,工作+7,https://books.masterhsingyun.org/ArticleDetail/artcle17339,17339,人間萬事.xlsx
217,7,p248　工作,工作+7,https://books.masterhsingyun.org/ArticleDetail/artcle4308,4308,人間萬事.xlsx
218,7,p265　工作之道,工作+7,https://books.masterhsingyun.org/ArticleDetail/artcle17144,17144,人間萬事.xlsx
219,7,p107　換心不要換工作,工作+7,https://books.masterhsingyun.org/ArticleDetail/artcle17340,17340,人間萬事.xlsx
220,7,p171　發心在工作上很重要,工作+7,https://books.masterhsingyun.org/ArticleDetail/artcle17540,17540,人間萬事.xlsx
221,7,p254　藝術是真善美的工作,工作+7,https://books.masterhsingyun.org/ArticleDetail/artcle18763,18763,人間萬事.xlsx
222,7,p124　在工作中找到歡喜,工作+7,https://books.masterhsingyun.org/ArticleDetail/artcle18401,18401,人間萬事.xlsx
223,7,p256　在第一寺工作真有福報,工作+7,https://books.masterhsingyun.org/ArticleDetail/artcle19964,19964,人間萬事.xlsx
224,7,p120　工作應有的觀念與態度,工作+7,https://books.masterhsingyun.org/ArticleDetail/artcle17066,17066,人間萬事.xlsx
225,7,p370　對工作要敬業、歡喜,工作+7,https://books.masterhsingyun.org/ArticleDetail/artcle20062,20062,人間萬事.xlsx
226,7,p276　編輯工作，續文化慧命,工作+7,https://books.masterhsingyun.org/ArticleDetail/artcle21238,21238,人間萬事.xlsx
227,7,p177　工作熱忱,工作+7,https://books.masterhsingyun.org/ArticleDetail/artcle7169,7169,人間萬事.xlsx
228,6,p242　做人、為學要立志發心,做人+6,https://books.masterhsingyun.org/ArticleDetail/artcle19951,19951,人間萬事.xlsx
229,6,p313　做人七品,做人+6,https://books.masterhsingyun.org/ArticleDetail/artcle5491,5491,人間萬事.xlsx
230,6,p292　做人的修養,做人+6,https://books.masterhsingyun.org/ArticleDetail/artcle13378,13378,人間萬事.xlsx
231,6,p032　說好話,說好話+6,https://books.masterhsingyun.org/ArticleDetail/artcle4710,4710,人間萬事.xlsx
232,6,p404　做人要懂得轉身,做人+6,https://books.masterhsingyun.org/ArticleDetail/artcle17223,17223,人間萬事.xlsx
233,6,p294　做人,做人+6,https://books.masterhsingyun.org/ArticleDetail/artcle22509,22509,人間萬事.xlsx
234,6,p330　正派做人,做人+6,https://books.masterhsingyun.org/ArticleDetail/artcle18546,18546,人間萬事.xlsx
235,6,p053　養生四法,養生+6,https://books.masterhsingyun.org/ArticleDetail/artcle5518,5518,人間萬事.xlsx
236,6,p261　大學之道在做人,做人+6,https://books.masterhsingyun.org/ArticleDetail/artcle17141,17141,人間萬事.xlsx
237,6,p348　老師要傾聽學生的心聲,傾聽+6,https://books.masterhsingyun.org/ArticleDetail/artcle18560,18560,人間萬事.xlsx
238,6,p023　鼓勵,鼓勵+6,https://books.masterhsingyun.org/ArticleDetail/artcle5508,5508,人間萬事.xlsx
239,6,p247　做人正常化,做人+6,https://books.masterhsingyun.org/ArticleDetail/artcle17133,17133,人間萬事.xlsx
240,6,p252　做人要養深積厚,做人+6,https://books.masterhsingyun.org/ArticleDetail/artcle17135,17135,人間萬事.xlsx
241,6,p151　會做人是上等人,做人+6,https://books.masterhsingyun.org/ArticleDetail/artcle17380,17380,人間萬事.xlsx
242,6,p144　企業的核心是尊重員工,員工+6,https://books.masterhsingyun.org/ArticleDetail/artcle18681,18681,人間萬事.xlsx
243,6,p191　做人要像月亮圓滿,做人+6,https://books.masterhsingyun.org/ArticleDetail/artcle18717,18717,人間萬事.xlsx
244,6,p248　宣傳要用智慧非金錢,金錢+6,https://books.masterhsingyun.org/ArticleDetail/artcle18760,18760,人間萬事.xlsx
245,6,p196　懷念的地方,懷念+6,https://books.masterhsingyun.org/ArticleDetail/artcle5073,5073,人間萬事.xlsx
246,6,p173　學做人,做人+6,https://books.masterhsingyun.org/ArticleDetail/artcle22375,22375,人間萬事.xlsx
247,6,p071　辦大學，要教做人,做人+6,https://books.masterhsingyun.org/ArticleDetail/artcle19510,19510,人間萬事.xlsx
248,6,p327　多說好話,說好話+6,https://books.masterhsingyun.org/ArticleDetail/artcle13395,13395,人間萬事.xlsx
249,6,p158　創業維艱，守成不易,創業+6,https://books.masterhsingyun.org/ArticleDetail/artcle19092,19092,人間萬事.xlsx
250,6,p130　意外的因緣,意外+6,https://books.masterhsingyun.org/ArticleDetail/artcle10136,10136,人間萬事.xlsx
251,6,p237　傾聽隻手之聲,傾聽+6,https://books.masterhsingyun.org/ArticleDetail/artcle6882,6882,人間萬事.xlsx
252,6,p321　慚愧是做人的根本,做人+6,https://books.masterhsingyun.org/ArticleDetail/artcle17652,17652,人間萬事.xlsx
253,6,p294　做人視野要開，遠見要高,做人+6,https://books.masterhsingyun.org/ArticleDetail/artcle19997,19997,人間萬事.xlsx
254,6,p109　做人要普結十方善緣,做人+6,https://books.masterhsingyun.org/ArticleDetail/artcle18122,18122,人間萬事.xlsx
255,6,p067　為學與做人之道,做人+6,https://books.masterhsingyun.org/ArticleDetail/artcle16828,16828,人間萬事.xlsx
256,6,p195　做人要有道德勇氣,做人+6,https://books.masterhsingyun.org/ArticleDetail/artcle19120,19120,人間萬事.xlsx
257,6,p220　做人十敗,做人+6,https://books.masterhsingyun.org/ArticleDetail/artcle3609,3609,人間萬事.xlsx
258,6,p287　做人要問心無愧,做人+6,https://books.masterhsingyun.org/ArticleDetail/artcle20699,20699,人間萬事.xlsx
259,6,p042　做人要像月亮寂靜圓滿,做人+6,https://books.masterhsingyun.org/ArticleDetail/artcle17727,17727,人間萬事.xlsx
260,6,p110　意外,意外+6,https://books.masterhsingyun.org/ArticleDetail/artcle4239,4239,人間萬事.xlsx
261,6,p112　給予義工讚美鼓勵,鼓勵+6,https://books.masterhsingyun.org/ArticleDetail/artcle17822,17822,人間萬事.xlsx
262,6,p175　做人,做人+6,https://books.masterhsingyun.org/ArticleDetail/artcle3594,3594,人間萬事.xlsx
263,6,p052　做人之道,做人+6,https://books.masterhsingyun.org/ArticleDetail/artcle20807,20807,人間萬事.xlsx
264,6,p174　做人二十要,做人+6,https://books.masterhsingyun.org/ArticleDetail/artcle3942,3942,人間萬事.xlsx
265,6,p149　說好話,說好話+6,https://books.masterhsingyun.org/ArticleDetail/artcle13310,13310,人間萬事.xlsx
266,6,p151　從讀書到做人,做人+6,https://books.masterhsingyun.org/ArticleDetail/artcle20868,20868,人間萬事.xlsx
267,6,p371　佛館健走健康久久,健康+6,https://books.masterhsingyun.org/ArticleDetail/artcle19258,19258,人間萬事.xlsx
268,6,p195　要自覺才會做人,做人+6,https://books.masterhsingyun.org/ArticleDetail/artcle17890,17890,人間萬事.xlsx
269,6,p152　同理心,同理+6,https://books.masterhsingyun.org/ArticleDetail/artcle5552,5552,人間萬事.xlsx
270,6,p101　宗教間要和好往來,和好+6,https://books.masterhsingyun.org/ArticleDetail/artcle21102,21102,人間萬事.xlsx
271,6,p111　做人要有情有義,做人+6,https://books.masterhsingyun.org/ArticleDetail/artcle21109,21109,人間萬事.xlsx
272,6,p178　滿口好話給人鼓勵,鼓勵+6,https://books.masterhsingyun.org/ArticleDetail/artcle3944,3944,人間萬事.xlsx
273,6,p070　獻給我的一些朋友,朋友+6,https://books.masterhsingyun.org/ArticleDetail/artcle21918,21918,人間萬事.xlsx
274,6,p116　朋友四類,朋友+6,https://books.masterhsingyun.org/ArticleDetail/artcle3537,3537,人間萬事.xlsx
275,6,p169　朋友的分別,朋友+6,https://books.masterhsingyun.org/ArticleDetail/artcle13158,13158,人間萬事.xlsx
276,6,p284　做人正派，發心第一,做人+6,https://books.masterhsingyun.org/ArticleDetail/artcle21246,21246,人間萬事.xlsx
277,6,p323　健康八法,健康+6,https://books.masterhsingyun.org/ArticleDetail/artcle5494,5494,人間萬事.xlsx
278,6,p309　「做人之道」永不退流行,做人+6,https://books.masterhsingyun.org/ArticleDetail/artcle21268,21268,人間萬事.xlsx
279,6,p071　懷念的人,懷念+6,https://books.masterhsingyun.org/ArticleDetail/artcle5524,5524,人間萬事.xlsx
280,6,p316　做人的妙訣,做人+6,https://books.masterhsingyun.org/ArticleDetail/artcle5492,5492,人間萬事.xlsx
281,6,p087　做人，要有理想,做人+6,https://books.masterhsingyun.org/ArticleDetail/artcle18107,18107,人間萬事.xlsx
282,5,p098　人生所需,人生+5,https://books.masterhsingyun.org/ArticleDetail/artcle14034,14034,人間萬事.xlsx
283,5,p063　人生的障礙,人生+5,https://books.masterhsingyun.org/ArticleDetail/artcle13832,13832,人間萬事.xlsx
284,5,p088　我吶喊！我歌唱！──為《人生》三週年而作,人生+5,https://books.masterhsingyun.org/ArticleDetail/artcle21922,21922,人間萬事.xlsx
285,5,p136　人生何求？,人生+5,https://books.masterhsingyun.org/ArticleDetail/artcle13487,13487,人間萬事.xlsx
286,5,p144　接受才能成長,成長+5,https://books.masterhsingyun.org/ArticleDetail/artcle17373,17373,人間萬事.xlsx
287,5,p248　人生八不可,人生+5,https://books.masterhsingyun.org/ArticleDetail/artcle4111,4111,人間萬事.xlsx
288,5,p245　人生七寶,人生+5,https://books.masterhsingyun.org/ArticleDetail/artcle4110,4110,人間萬事.xlsx
289,5,p256　人生的方向,人生+5,https://books.masterhsingyun.org/ArticleDetail/artcle4113,4113,人間萬事.xlsx
290,5,p253　人生守則,人生+5,https://books.masterhsingyun.org/ArticleDetail/artcle4112,4112,人間萬事.xlsx
291,5,p195　「給」的人生最富有,人生+5,https://books.masterhsingyun.org/ArticleDetail/artcle17558,17558,人間萬事.xlsx
292,5,p216　改變自己，建立信心,改變+5,https://books.masterhsingyun.org/ArticleDetail/artcle17574,17574,人間萬事.xlsx
293,5,p259　人生的加油站,人生+5,https://books.masterhsingyun.org/ArticleDetail/artcle4114,4114,人間萬事.xlsx
294,5,p262　人生的危機,人生+5,https://books.masterhsingyun.org/ArticleDetail/artcle4115,4115,人間萬事.xlsx
295,5,p271　人生需要什麼,人生+5,https://books.masterhsingyun.org/ArticleDetail/artcle4118,4118,人間萬事.xlsx
296,5,p268　人生得意事,人生+5,https://books.masterhsingyun.org/ArticleDetail/artcle4117,4117,人間萬事.xlsx
297,5,p265　人生的鏡子,人生+5,https://books.masterhsingyun.org/ArticleDetail/artcle4116,4116,人間萬事.xlsx
298,5,p274　十全人生,人生+5,https://books.masterhsingyun.org/ArticleDetail/artcle4119,4119,人間萬事.xlsx
299,5,p372　服務別人成長自己,成長+5,https://books.masterhsingyun.org/ArticleDetail/artcle17686,17686,人間萬事.xlsx
300,5,p038　【推薦序】增進智慧，開創人生,人生+5,https://books.masterhsingyun.org/ArticleDetail/artcle3487,3487,人間萬事.xlsx
301,5,p053　人生十勝,人生+5,https://books.masterhsingyun.org/ArticleDetail/artcle3494,3494,人間萬事.xlsx
302,5,p155　人生七堂課,人生+5,https://books.masterhsingyun.org/ArticleDetail/artcle5274,5274,人間萬事.xlsx
303,5,p158　人生八怕,人生+5,https://books.masterhsingyun.org/ArticleDetail/artcle5275,5275,人間萬事.xlsx
304,5,p049　人生的路沒有僥倖,人生+5,https://books.masterhsingyun.org/ArticleDetail/artcle17731,17731,人間萬事.xlsx
305,5,p054　用善念改變人類的未來,改變+5,https://books.masterhsingyun.org/ArticleDetail/artcle17733,17733,人間萬事.xlsx
306,5,p091　苦難成長道業,成長+5,https://books.masterhsingyun.org/ArticleDetail/artcle17759,17759,人間萬事.xlsx
307,5,p108　給的人生最美麗,人生+5,https://books.masterhsingyun.org/ArticleDetail/artcle17819,17819,人間萬事.xlsx
308,5,p306　三品人生,人生+5,https://books.masterhsingyun.org/ArticleDetail/artcle4129,4129,人間萬事.xlsx
309,5,p161　人生十四轉,人生+5,https://books.masterhsingyun.org/ArticleDetail/artcle5276,5276,人間萬事.xlsx
310,5,p164　人生之計,人生+5,https://books.masterhsingyun.org/ArticleDetail/artcle5277,5277,人間萬事.xlsx
311,5,p167　人生的「路」,人生+5,https://books.masterhsingyun.org/ArticleDetail/artcle5278,5278,人間萬事.xlsx
312,5,p086　人生百態,人生+5,https://books.masterhsingyun.org/ArticleDetail/artcle3519,3519,人間萬事.xlsx
313,5,p170　人生實相,人生+5,https://books.masterhsingyun.org/ArticleDetail/artcle5279,5279,人間萬事.xlsx
314,5,p148　人生路,人生+5,https://books.masterhsingyun.org/ArticleDetail/artcle14059,14059,人間萬事.xlsx
315,5,p195　人生的通路,人生+5,https://books.masterhsingyun.org/ArticleDetail/artcle4565,4565,人間萬事.xlsx
316,5,p154　人生的勝者,人生+5,https://books.masterhsingyun.org/ArticleDetail/artcle14062,14062,人間萬事.xlsx
317,5,p254　人生處處皆學問,人生+5,https://books.masterhsingyun.org/ArticleDetail/artcle17932,17932,人間萬事.xlsx
318,5,p058　美化人生,人生+5,https://books.masterhsingyun.org/ArticleDetail/artcle4178,4178,人間萬事.xlsx
319,5,p343　服務奉獻充實人生,人生+5,https://books.masterhsingyun.org/ArticleDetail/artcle18015,18015,人間萬事.xlsx
320,5,p361　和大眾一起成長,成長+5,https://books.masterhsingyun.org/ArticleDetail/artcle18028,18028,人間萬事.xlsx
321,5,p258　人生,人生+5,https://books.masterhsingyun.org/ArticleDetail/artcle13735,13735,人間萬事.xlsx
322,5,p265　突破,突破+5,https://books.masterhsingyun.org/ArticleDetail/artcle4588,4588,人間萬事.xlsx
323,5,p020　創造自己的人生,人生+5,https://books.masterhsingyun.org/ArticleDetail/artcle18056,18056,人間萬事.xlsx
324,5,p189　人生八求,人生+5,https://books.masterhsingyun.org/ArticleDetail/artcle5179,5179,人間萬事.xlsx
325,5,p192　人生十六問,人生+5,https://books.masterhsingyun.org/ArticleDetail/artcle5180,5180,人間萬事.xlsx
326,5,p199　人生四不,人生+5,https://books.masterhsingyun.org/ArticleDetail/artcle5182,5182,人間萬事.xlsx
327,5,p205　人生的站,人生+5,https://books.masterhsingyun.org/ArticleDetail/artcle5184,5184,人間萬事.xlsx
328,5,p208　人生境遇,人生+5,https://books.masterhsingyun.org/ArticleDetail/artcle5185,5185,人間萬事.xlsx
329,5,p131　人生如夢,人生+5,https://books.masterhsingyun.org/ArticleDetail/artcle13141,13141,人間萬事.xlsx
330,5,p172　豁達的人生,人生+5,https://books.masterhsingyun.org/ArticleDetail/artcle4283,4283,人間萬事.xlsx
331,5,p232　四季人生,人生+5,https://books.masterhsingyun.org/ArticleDetail/artcle5193,5193,人間萬事.xlsx
332,5,p255　作家的人生最多采,人生+5,https://books.masterhsingyun.org/ArticleDetail/artcle18226,18226,人間萬事.xlsx
333,5,p277　人生的選擇,人生+5,https://books.masterhsingyun.org/ArticleDetail/artcle18243,18243,人間萬事.xlsx
334,5,p289　人生是一部大書,人生+5,https://books.masterhsingyun.org/ArticleDetail/artcle18252,18252,人間萬事.xlsx
335,5,p076　人生不能代替,人生+5,https://books.masterhsingyun.org/ArticleDetail/artcle18369,18369,人間萬事.xlsx
336,5,p088　人生如山谷的回聲,人生+5,https://books.masterhsingyun.org/ArticleDetail/artcle18377,18377,人間萬事.xlsx
337,5,p023　人生如球,人生+5,https://books.masterhsingyun.org/ArticleDetail/artcle10300,10300,人間萬事.xlsx
338,5,p116　要建立人生的價值,人生+5,https://books.masterhsingyun.org/ArticleDetail/artcle18395,18395,人間萬事.xlsx
339,5,p032　人生百氣,人生+5,https://books.masterhsingyun.org/ArticleDetail/artcle3477,3477,人間萬事.xlsx
340,5,p036　人生要有些什麼？,人生+5,https://books.masterhsingyun.org/ArticleDetail/artcle3478,3478,人間萬事.xlsx
341,5,p038　人生二十笑,人生+5,https://books.masterhsingyun.org/ArticleDetail/artcle3480,3480,人間萬事.xlsx
342,5,p158　人生要什麼？,人生+5,https://books.masterhsingyun.org/ArticleDetail/artcle18425,18425,人間萬事.xlsx
343,5,p182　如何自我成長？,成長+5,https://books.masterhsingyun.org/ArticleDetail/artcle18438,18438,人間萬事.xlsx
344,5,p040　人生諸苦,人生+5,https://books.masterhsingyun.org/ArticleDetail/artcle3482,3482,人間萬事.xlsx
345,5,p211　春風會讓生命成長,成長+5,https://books.masterhsingyun.org/ArticleDetail/artcle3962,3962,人間萬事.xlsx
346,5,p212　貢獻中完成自我人生,人生+5,https://books.masterhsingyun.org/ArticleDetail/artcle18459,18459,人間萬事.xlsx
347,5,p214　受教育的人生更具意義,人生+5,https://books.masterhsingyun.org/ArticleDetail/artcle18461,18461,人間萬事.xlsx
348,5,p270　OK的人生,人生+5,https://books.masterhsingyun.org/ArticleDetail/artcle22477,22477,人間萬事.xlsx
349,5,p271　人生,人生+5,https://books.masterhsingyun.org/ArticleDetail/artcle22479,22479,人間萬事.xlsx
350,5,p272　人生四寶,人生+5,https://books.masterhsingyun.org/ArticleDetail/artcle22480,22480,人間萬事.xlsx
351,5,p272　人生的解脫,人生+5,https://books.masterhsingyun.org/ArticleDetail/artcle22481,22481,人間萬事.xlsx
352,5,p274　人生面面觀,人生+5,https://books.masterhsingyun.org/ArticleDetail/artcle22483,22483,人間萬事.xlsx
353,5,p345　不斷突破自我,突破+5,https://books.masterhsingyun.org/ArticleDetail/artcle18557,18557,人間萬事.xlsx
354,5,p273　人生是過客,人生+5,https://books.masterhsingyun.org/ArticleDetail/artcle22482,22482,人間萬事.xlsx
355,5,p275　人生試金石（一）,人生+5,https://books.masterhsingyun.org/ArticleDetail/artcle22484,22484,人間萬事.xlsx
356,5,p362　人生八個時期,人生+5,https://books.masterhsingyun.org/ArticleDetail/artcle18571,18571,人間萬事.xlsx
357,5,p383　三好運動可以改變世界,改變+5,https://books.masterhsingyun.org/ArticleDetail/artcle18586,18586,人間萬事.xlsx
358,5,p276　人生試金石（二）,人生+5,https://books.masterhsingyun.org/ArticleDetail/artcle22485,22485,人間萬事.xlsx
359,5,p023　人生應訂定生涯規劃,人生+5,https://books.masterhsingyun.org/ArticleDetail/artcle18605,18605,人間萬事.xlsx
360,5,p281　自在人生（二）,人生+5,https://books.masterhsingyun.org/ArticleDetail/artcle22491,22491,人間萬事.xlsx
361,5,p040　人生要有目標,人生+5,https://books.masterhsingyun.org/ArticleDetail/artcle18615,18615,人間萬事.xlsx
362,5,p278　四季人生,人生+5,https://books.masterhsingyun.org/ArticleDetail/artcle22487,22487,人間萬事.xlsx
363,5,p279　全面的人生,人生+5,https://books.masterhsingyun.org/ArticleDetail/artcle22488,22488,人間萬事.xlsx
364,5,p089　人生要守諾,人生+5,https://books.masterhsingyun.org/ArticleDetail/artcle18650,18650,人間萬事.xlsx
365,5,p282　我們的人生,人生+5,https://books.masterhsingyun.org/ArticleDetail/artcle22493,22493,人間萬事.xlsx
366,5,p150　人生四個階段的生命,人生+5,https://books.masterhsingyun.org/ArticleDetail/artcle18686,18686,人間萬事.xlsx
367,5,p281　自在人生（一）,人生+5,https://books.masterhsingyun.org/ArticleDetail/artcle22490,22490,人間萬事.xlsx
368,5,p283　究竟人生,人生+5,https://books.masterhsingyun.org/ArticleDetail/artcle22495,22495,人間萬事.xlsx
369,5,p226　善用人生來服務,人生+5,https://books.masterhsingyun.org/ArticleDetail/artcle18743,18743,人間萬事.xlsx
370,5,p292　美化人生,人生+5,https://books.masterhsingyun.org/ArticleDetail/artcle22506,22506,人間萬事.xlsx
371,5,p299　喜悅人生,人生+5,https://books.masterhsingyun.org/ArticleDetail/artcle22515,22515,人間萬事.xlsx
372,5,p258　在逆境中成長比較快,成長+5,https://books.masterhsingyun.org/ArticleDetail/artcle18768,18768,人間萬事.xlsx
373,5,p258　在逆境中成長比較快,成長+5,https://books.masterhsingyun.org/ArticleDetail/artcle18767,18767,人間萬事.xlsx
374,5,p300　微笑人生,人生+5,https://books.masterhsingyun.org/ArticleDetail/artcle22516,22516,人間萬事.xlsx
375,5,p295　展現人生的作品,人生+5,https://books.masterhsingyun.org/ArticleDetail/artcle18794,18794,人間萬事.xlsx
376,5,p298　清白人生,人生+5,https://books.masterhsingyun.org/ArticleDetail/artcle22513,22513,人間萬事.xlsx
377,5,p358　人生有沒有未來？,人生+5,https://books.masterhsingyun.org/ArticleDetail/artcle18840,18840,人間萬事.xlsx
378,5,p381　行三好實踐人生真善美,人生+5,https://books.masterhsingyun.org/ArticleDetail/artcle18856,18856,人間萬事.xlsx
379,5,p035　人生總要奮鬥,人生+5,https://books.masterhsingyun.org/ArticleDetail/artcle18892,18892,人間萬事.xlsx
380,5,p055　三好人生,人生+5,https://books.masterhsingyun.org/ArticleDetail/artcle18909,18909,人間萬事.xlsx
381,5,p301　感恩的人生,人生+5,https://books.masterhsingyun.org/ArticleDetail/artcle22517,22517,人間萬事.xlsx
382,5,p303　過客的人生,人生+5,https://books.masterhsingyun.org/ArticleDetail/artcle22521,22521,人間萬事.xlsx
383,5,p060　人生需要平安和希望,人生+5,https://books.masterhsingyun.org/ArticleDetail/artcle19500,19500,人間萬事.xlsx
384,5,p309　歡喜人生（二）,人生+5,https://books.masterhsingyun.org/ArticleDetail/artcle22528,22528,人間萬事.xlsx
385,5,p114　人生要讀什麼？,人生+5,https://books.masterhsingyun.org/ArticleDetail/artcle19549,19549,人間萬事.xlsx
386,5,p119　人生最有價值的東西,人生+5,https://books.masterhsingyun.org/ArticleDetail/artcle19552,19552,人間萬事.xlsx
387,5,p308　歡喜人生（一）,人生+5,https://books.masterhsingyun.org/ArticleDetail/artcle22527,22527,人間萬事.xlsx
388,5,p150　門裡門外不一樣的人生,人生+5,https://books.masterhsingyun.org/ArticleDetail/artcle19868,19868,人間萬事.xlsx
389,5,p159　四部經的人生智慧,人生+5,https://books.masterhsingyun.org/ArticleDetail/artcle19875,19875,人間萬事.xlsx
390,5,p151　成長,成長+5,https://books.masterhsingyun.org/ArticleDetail/artcle22350,22350,人間萬事.xlsx
391,5,p226　人生不能缺少信仰及音樂,人生+5,https://books.masterhsingyun.org/ArticleDetail/artcle19935,19935,人間萬事.xlsx
392,5,p107　進退是人生全貌,人生+5,https://books.masterhsingyun.org/ArticleDetail/artcle18389,18389,人間萬事.xlsx
393,5,p166　淨化人生,人生+5,https://books.masterhsingyun.org/ArticleDetail/artcle22365,22365,人間萬事.xlsx
394,5,p250　人生有感動很美麗,人生+5,https://books.masterhsingyun.org/ArticleDetail/artcle19958,19958,人間萬事.xlsx
395,5,p253　人生訓練我們各自堅強,人生+5,https://books.masterhsingyun.org/ArticleDetail/artcle19961,19961,人間萬事.xlsx
396,5,p220　積極的人生,人生+5,https://books.masterhsingyun.org/ArticleDetail/artcle22418,22418,人間萬事.xlsx
397,5,p332　活的人生,人生+5,https://books.masterhsingyun.org/ArticleDetail/artcle22557,22557,人間萬事.xlsx
398,5,p120　人生三百歲,人生+5,https://books.masterhsingyun.org/ArticleDetail/artcle13860,13860,人間萬事.xlsx
399,5,p298　「人生卜事」是座右銘,人生+5,https://books.masterhsingyun.org/ArticleDetail/artcle20001,20001,人間萬事.xlsx
400,5,p386　巨東建設關懷青少年成長公益活動錄影詞,成長+5,https://books.masterhsingyun.org/ArticleDetail/artcle22168,22168,人間萬事.xlsx
401,5,p357　《人生108事》,人生+5,https://books.masterhsingyun.org/ArticleDetail/artcle20053,20053,人間萬事.xlsx
402,5,p362　人生有兩個性格,人生+5,https://books.masterhsingyun.org/ArticleDetail/artcle20057,20057,人間萬事.xlsx
403,5,p225　以無為有的人生觀,人生+5,https://books.masterhsingyun.org/ArticleDetail/artcle19141,19141,人間萬事.xlsx
404,5,p022　感謝佛恩的人生,人生+5,https://books.masterhsingyun.org/ArticleDetail/artcle20175,20175,人間萬事.xlsx
405,5,p232　我的人生觀,人生+5,https://books.masterhsingyun.org/ArticleDetail/artcle19145,19145,人間萬事.xlsx
406,5,p044　加強教育改變民族氣質,改變+5,https://books.masterhsingyun.org/ArticleDetail/artcle20191,20191,人間萬事.xlsx
407,5,p114　信仰對人生很重要,人生+5,https://books.masterhsingyun.org/ArticleDetail/artcle20250,20250,人間萬事.xlsx
408,5,p287　人生如球喻,人生+5,https://books.masterhsingyun.org/ArticleDetail/artcle19188,19188,人間萬事.xlsx
409,5,p309　學習給的人生,人生+5,https://books.masterhsingyun.org/ArticleDetail/artcle19204,19204,人間萬事.xlsx
410,5,p334　人生要有一個目標,人生+5,https://books.masterhsingyun.org/ArticleDetail/artcle19227,19227,人間萬事.xlsx
411,5,p359　青年要過服務的人生,人生+5,https://books.masterhsingyun.org/ArticleDetail/artcle20749,20749,人間萬事.xlsx
412,5,p379　享有的人生很富貴,人生+5,https://books.masterhsingyun.org/ArticleDetail/artcle19266,19266,人間萬事.xlsx
413,5,p367　人生的意義沒有絕對的,人生+5,https://books.masterhsingyun.org/ArticleDetail/artcle20754,20754,人間萬事.xlsx
414,5,p081　為自己的人生開路,人生+5,https://books.masterhsingyun.org/ArticleDetail/artcle16836,16836,人間萬事.xlsx
415,5,p112　人生的價值,人生+5,https://books.masterhsingyun.org/ArticleDetail/artcle16854,16854,人間萬事.xlsx
416,5,p152　美化人生,人生+5,https://books.masterhsingyun.org/ArticleDetail/artcle16873,16873,人間萬事.xlsx
417,5,p249　禪與人生的關係,人生+5,https://books.masterhsingyun.org/ArticleDetail/artcle16924,16924,人間萬事.xlsx
418,5,p019　懂得規劃人生,人生+5,https://books.masterhsingyun.org/ArticleDetail/artcle17012,17012,人間萬事.xlsx
419,5,p139　人生之道─心甘情願,人生+5,https://books.masterhsingyun.org/ArticleDetail/artcle17077,17077,人間萬事.xlsx
420,5,p177　什麼是人生的真正意義？,人生+5,https://books.masterhsingyun.org/ArticleDetail/artcle20883,20883,人間萬事.xlsx
421,5,p242　人生重在規劃,人生+5,https://books.masterhsingyun.org/ArticleDetail/artcle17130,17130,人間萬事.xlsx
422,5,p273　我這一生都是講人生哲學,人生+5,https://books.masterhsingyun.org/ArticleDetail/artcle20949,20949,人間萬事.xlsx
423,5,p314　四點人生觀,人生+5,https://books.masterhsingyun.org/ArticleDetail/artcle20975,20975,人間萬事.xlsx
424,5,p348　人生為歡喜而來,人生+5,https://books.masterhsingyun.org/ArticleDetail/artcle20996,20996,人間萬事.xlsx
425,5,p355　人生的意義是融和大眾,人生+5,https://books.masterhsingyun.org/ArticleDetail/artcle21000,21000,人間萬事.xlsx
426,5,p392　學道要突破四關,突破+5,https://books.masterhsingyun.org/ArticleDetail/artcle21025,21025,人間萬事.xlsx
427,5,p241　人生的劫難,人生+5,https://books.masterhsingyun.org/ArticleDetail/artcle5089,5089,人間萬事.xlsx
428,5,p244　人生的城市,人生+5,https://books.masterhsingyun.org/ArticleDetail/artcle5090,5090,人間萬事.xlsx
429,5,p035　一生都沒有改變過,改變+5,https://books.masterhsingyun.org/ArticleDetail/artcle21049,21049,人間萬事.xlsx
430,5,p072　人生重要事：發心與貢獻,人生+5,https://books.masterhsingyun.org/ArticleDetail/artcle21076,21076,人間萬事.xlsx
431,5,p289　人生要有踏實的規劃,人生+5,https://books.masterhsingyun.org/ArticleDetail/artcle17158,17158,人間萬事.xlsx
432,5,p347　人生的預言書自己填,人生+5,https://books.masterhsingyun.org/ArticleDetail/artcle17194,17194,人間萬事.xlsx
433,5,p052　人生的家,人生+5,https://books.masterhsingyun.org/ArticleDetail/artcle14011,14011,人間萬事.xlsx
434,5,p376　人生是一種學習,人生+5,https://books.masterhsingyun.org/ArticleDetail/artcle17208,17208,人間萬事.xlsx
435,5,p418　適合的人生,人生+5,https://books.masterhsingyun.org/ArticleDetail/artcle10709,10709,人間萬事.xlsx
436,5,p395　改變自己,改變+5,https://books.masterhsingyun.org/ArticleDetail/artcle17218,17218,人間萬事.xlsx
437,5,p279　人生有來去,人生+5,https://books.masterhsingyun.org/ArticleDetail/artcle21241,21241,人間萬事.xlsx
438,5,p374　美化人生,人生+5,https://books.masterhsingyun.org/ArticleDetail/artcle13417,13417,人間萬事.xlsx
439,5,p233　我選擇改變自己,改變+5,https://books.masterhsingyun.org/ArticleDetail/artcle6880,6880,人間萬事.xlsx
440,5,p306　成長靠自己，成事靠集體,成長+5,https://books.masterhsingyun.org/ArticleDetail/artcle21265,21265,人間萬事.xlsx
441,5,p016　人生是馬拉松賽跑,人生+5,https://books.masterhsingyun.org/ArticleDetail/artcle17271,17271,人間萬事.xlsx
442,5,p325　新寶僑，人生無限的道路,人生+5,https://books.masterhsingyun.org/ArticleDetail/artcle21284,21284,人間萬事.xlsx
443,5,p141　人生的歸宿,人生+5,https://books.masterhsingyun.org/ArticleDetail/artcle13870,13870,人間萬事.xlsx
444,5,p205　人生的階梯,人生+5,https://books.masterhsingyun.org/ArticleDetail/artcle10411,10411,人間萬事.xlsx
445,5,p038　圓滿人生,人生+5,https://books.masterhsingyun.org/ArticleDetail/artcle13820,13820,人間萬事.xlsx
446,5,p164　【回響】「改變」的力量──記第一屆「星雲人文世界論壇」,改變+5,https://books.masterhsingyun.org/ArticleDetail/artcle15525,15525,人間萬事.xlsx
447,5,p047　現代青年應有的人生觀,人生+5,https://books.masterhsingyun.org/ArticleDetail/artcle15439,15439,人間萬事.xlsx
448,5,p062　讓下一代正確面對人生,人生+5,https://books.masterhsingyun.org/ArticleDetail/artcle15443,15443,人間萬事.xlsx
449,4,p157　有了「禪」生活就會不同,生活+4,https://books.masterhsingyun.org/ArticleDetail/artcle19091,19091,人間萬事.xlsx
450,4,p264　禪的生活,生活+4,https://books.masterhsingyun.org/ArticleDetail/artcle16933,16933,人間萬事.xlsx
451,4,p295　禪者的生活,生活+4,https://books.masterhsingyun.org/ArticleDetail/artcle5621,5621,人間萬事.xlsx
452,4,p184　從做事中得到巧慧,做事+4,https://books.masterhsingyun.org/ArticleDetail/artcle19110,19110,人間萬事.xlsx
453,4,p216　命運的問題,命運+4,https://books.masterhsingyun.org/ArticleDetail/artcle10416,10416,人間萬事.xlsx
454,4,p267　為人設想,為人+4,https://books.masterhsingyun.org/ArticleDetail/artcle10635,10635,人間萬事.xlsx
455,4,p157　佛門生活,生活+4,https://books.masterhsingyun.org/ArticleDetail/artcle13878,13878,人間萬事.xlsx
456,4,p223　力行生活,生活+4,https://books.masterhsingyun.org/ArticleDetail/artcle17119,17119,人間萬事.xlsx
457,4,p227　做命運的主人,命運+4,https://books.masterhsingyun.org/ArticleDetail/artcle17582,17582,人間萬事.xlsx
458,4,p131　緣分要耐煩等待,緣分+4,https://books.masterhsingyun.org/ArticleDetail/artcle20274,20274,人間萬事.xlsx
459,4,p231　生活的層面,生活+4,https://books.masterhsingyun.org/ArticleDetail/artcle6879,6879,人間萬事.xlsx
460,4,p368　自在的生活,生活+4,https://books.masterhsingyun.org/ArticleDetail/artcle14169,14169,人間萬事.xlsx
461,4,p317　為人要有正念,為人+4,https://books.masterhsingyun.org/ArticleDetail/artcle20718,20718,人間萬事.xlsx
462,4,p088　化緣要有緣分,緣分+4,https://books.masterhsingyun.org/ArticleDetail/artcle18649,18649,人間萬事.xlsx
463,4,p219　今日耐煩做事,做事+4,https://books.masterhsingyun.org/ArticleDetail/artcle21433,21433,人間萬事.xlsx
464,4,p167　不為人說的法,為人+4,https://books.masterhsingyun.org/ArticleDetail/artcle7566,7566,人間萬事.xlsx
465,4,p173　做事不要本位主義,做事+4,https://books.masterhsingyun.org/ArticleDetail/artcle18165,18165,人間萬事.xlsx
466,4,p254　生活之要,生活+4,https://books.masterhsingyun.org/ArticleDetail/artcle4310,4310,人間萬事.xlsx
467,4,p241　禪是生活的體驗,生活+4,https://books.masterhsingyun.org/ArticleDetail/artcle18215,18215,人間萬事.xlsx
468,4,p049　抬頭為人服務,為人+4,https://books.masterhsingyun.org/ArticleDetail/artcle20804,20804,人間萬事.xlsx
469,4,p046　生活樂趣,生活+4,https://books.masterhsingyun.org/ArticleDetail/artcle3877,3877,人間萬事.xlsx
470,4,p352　禪即生活,生活+4,https://books.masterhsingyun.org/ArticleDetail/artcle7661,7661,人間萬事.xlsx
471,4,p374　做事是平等心的展現,做事+4,https://books.masterhsingyun.org/ArticleDetail/artcle17688,17688,人間萬事.xlsx
472,4,p124　山水生活,生活+4,https://books.masterhsingyun.org/ArticleDetail/artcle21940,21940,人間萬事.xlsx
473,4,p297　要成為人天師範,為人+4,https://books.masterhsingyun.org/ArticleDetail/artcle18257,18257,人間萬事.xlsx
474,4,p362　為人要有人情味,為人+4,https://books.masterhsingyun.org/ArticleDetail/artcle18298,18298,人間萬事.xlsx
475,4,p250　參學是找到緣分,緣分+4,https://books.masterhsingyun.org/ArticleDetail/artcle20934,20934,人間萬事.xlsx
476,4,p028　讚美是為人添油香,為人+4,https://books.masterhsingyun.org/ArticleDetail/artcle18340,18340,人間萬事.xlsx
477,4,p308　「均一」為人人第一,為人+4,https://books.masterhsingyun.org/ArticleDetail/artcle18805,18805,人間萬事.xlsx
478,4,p341　做事要做出歷史,做事+4,https://books.masterhsingyun.org/ArticleDetail/artcle18829,18829,人間萬事.xlsx
479,4,p087　好鄰居,鄰居+4,https://books.masterhsingyun.org/ArticleDetail/artcle4850,4850,人間萬事.xlsx
480,4,p024　從做事中發掘快樂,做事+4,https://books.masterhsingyun.org/ArticleDetail/artcle17714,17714,人間萬事.xlsx
481,4,p032　佛館是為人設想的,為人+4,https://books.masterhsingyun.org/ArticleDetail/artcle18889,18889,人間萬事.xlsx
482,4,p096　生活幸福是台灣的共識,生活+4,https://books.masterhsingyun.org/ArticleDetail/artcle18941,18941,人間萬事.xlsx
483,4,p341　做事要懂得報告,做事+4,https://books.masterhsingyun.org/ArticleDetail/artcle19233,19233,人間萬事.xlsx
484,4,p360　因緣分享,緣分+4,https://books.masterhsingyun.org/ArticleDetail/artcle19249,19249,人間萬事.xlsx
485,4,p387　命運的主宰,命運+4,https://books.masterhsingyun.org/ArticleDetail/artcle10259,10259,人間萬事.xlsx
486,4,p105　一生都歡喜做事,做事+4,https://books.masterhsingyun.org/ArticleDetail/artcle21106,21106,人間萬事.xlsx
487,4,p105　人要生活在希望裡,生活+4,https://books.masterhsingyun.org/ArticleDetail/artcle18950,18950,人間萬事.xlsx
488,4,p187　贈大蘋果珍惜彼此緣分,緣分+4,https://books.masterhsingyun.org/ArticleDetail/artcle21168,21168,人間萬事.xlsx
489,4,p276　超越的生活,生活+4,https://books.masterhsingyun.org/ArticleDetail/artcle13370,13370,人間萬事.xlsx
490,4,p413　生活要隨眾,生活+4,https://books.masterhsingyun.org/ArticleDetail/artcle17229,17229,人間萬事.xlsx
491,4,p071　心情,心情+4,https://books.masterhsingyun.org/ArticleDetail/artcle3509,3509,人間萬事.xlsx
492,4,p193　雲水生活,生活+4,https://books.masterhsingyun.org/ArticleDetail/artcle13895,13895,人間萬事.xlsx
493,4,p133　婦女要有智慧的生活,生活+4,https://books.masterhsingyun.org/ArticleDetail/artcle17842,17842,人間萬事.xlsx
494,4,p201　生活七巧,生活+4,https://books.masterhsingyun.org/ArticleDetail/artcle4293,4293,人間萬事.xlsx
495,4,p216　做事全力以赴,做事+4,https://books.masterhsingyun.org/ArticleDetail/artcle18462,18462,人間萬事.xlsx
496,4,p222　球賽是贏得友誼、緣分,緣分+4,https://books.masterhsingyun.org/ArticleDetail/artcle19931,19931,人間萬事.xlsx
497,4,p204　生活之道,生活+4,https://books.masterhsingyun.org/ArticleDetail/artcle4294,4294,人間萬事.xlsx
498,4,p100　做事有心，不一定要專才,做事+4,https://books.masterhsingyun.org/ArticleDetail/artcle17333,17333,人間萬事.xlsx
499,4,p308　為人間留下歡喜,為人+4,https://books.masterhsingyun.org/ArticleDetail/artcle18528,18528,人間萬事.xlsx
500,4,p117　現代人的生活規範,生活+4,https://books.masterhsingyun.org/ArticleDetail/artcle16857,16857,人間萬事.xlsx
